lambda,mu,rho,avg_response_time_emp,avg_response_time_theo,avg_waiting_time_emp,avg_waiting_time_theo,server_utilization_emp,server_utilization_theo,avg_system_length_theo,avg_system_length_emp,customers_served,simulation_time
0.1,1.0,0.10004991737176262,1.0562049986284154,1.0074074074074073,0.055856456381736384,0.0074074074074074086,0.10004991737176262,0.1,0.10740740740740741,0.10562049986284155,980000.0,9798527.339829637
0.2,1.0,0.19995493940457257,1.1264544122708422,1.0333333333333334,0.1266711762379754,0.03333333333333334,0.19995493940457257,0.2,0.23333333333333334,0.22529088245416848,980000.0,4900043.798573495
0.30000000000000004,1.0,0.3000563028743077,1.224119105235571,1.0857142857142859,0.224204118337038,0.08571428571428574,0.3000563028743077,0.30000000000000004,0.3857142857142858,0.36723573157067135,980000.0,3265777.224356143
0.4,1.0,0.4001124853680043,1.3629056826828625,1.1777777777777778,0.36280283231392363,0.1777777777777778,0.4001124853680043,0.4,0.5777777777777778,0.545162273073145,980000.0,2449563.1068468746
0.5,1.0,0.49988283294111685,1.5660026987243947,1.3333333333333333,0.5661372022752295,0.3333333333333333,0.49988283294111685,0.5,0.8333333333333333,0.7830013493621973,980000.0,1960195.7564136994
0.6,1.0,0.6001835250261514,1.884269633102145,1.5999999999999999,0.8839407517720249,0.5999999999999999,0.6001835250261514,0.6,1.2,1.1305617798612868,980000.0,1633370.8918584825
0.7000000000000001,1.0,0.700352029260666,2.422921593562295,2.0888888888888895,1.4228047326311206,1.0888888888888892,0.700352029260666,0.7000000000000001,1.7888888888888892,1.6960451154936063,980000.0,1399459.9604249962
0.8,1.0,0.8012991276409619,3.5481185844941705,3.133333333333334,2.5469656579254516,2.133333333333334,0.8012991276409619,0.8,2.9333333333333345,2.8384948675953363,980000.0,1224424.2780286085
0.9,1.0,0.8990161030189053,6.688312269835556,6.400000000000002,5.68911252549366,5.400000000000002,0.8990161030189053,0.9,6.300000000000002,6.019481042852001,980000.0,1089208.160760817
