lambda,mu,rho_emp,rho_theo,avg_response_time_emp,avg_response_time_theo,avg_waiting_time_emp,avg_waiting_time_theo,server_utilization_emp,server_utilization_theo,customers_served,simulation_time
0.1,1.0,0.10003614516898485,0.1,1.0560816291811415,1.0074074074074073,0.0559198219969542,0.0074074074074074086,0.10003614516898485,0.1,1000000,4.662097215652466
0.2,1.0,0.20006499026864907,0.2,1.127582360259597,1.0333333333333334,0.12708335680451954,0.03333333333333334,0.20006499026864907,0.2,1000000,5.054690678914388
0.30000000000000004,1.0,0.30017603564707396,0.30000000000000004,1.2244837621190794,1.0857142857142859,0.22401808977997897,0.08571428571428574,0.30017603564707396,0.30000000000000004,1000000,4.396669069925944
0.4,1.0,0.39968342159549963,0.4,1.3596037692392182,1.1777777777777778,0.36024438394414976,0.1777777777777778,0.39968342159549963,0.4,1000000,4.858945846557617
0.5,1.0,0.5000725096799654,0.5,1.5659885489271084,1.3333333333333333,0.5659375398419124,0.3333333333333333,0.5000725096799654,0.5,1000000,4.051686922709147
0.6,1.0,0.6000201744537444,0.6,1.8828401014993368,1.6,0.8826671275034839,0.6,0.6000201744537444,0.6,1000000,4.513239065806071
0.7000000000000001,1.0,0.6998344858300488,0.7000000000000001,2.417547404777551,2.0888888888888895,1.4171755306981322,1.0888888888888892,0.6998344858300488,0.7000000000000001,1000000,4.812771240870158
0.8,1.0,0.8002459383426729,0.8,3.5280983559304193,3.133333333333334,2.5281147044050067,2.133333333333334,0.8002459383426729,0.8,1000000,5.082416534423828
