lambda,mu,rho,mean_response_time,mean_waiting_time,mean_service_time,server_utilization,num_clients,num_repetitions,response_time_std,waiting_time_std,interarrival_distribution,service_distribution
0.1,1.0,0.1,1.0549094178948304,0.0553740186993052,0.9995353991955227,0.09992906679031326,1000000,3,0.0011000356190892361,0.00026010674181092385,Uniform,Exponential
0.2,1.0,0.2,1.1279355546572822,0.12731622440083226,1.0006193302564341,0.20005569613682486,1000000,3,0.000699733974852531,0.0001840656458298183,Uniform,Exponential
0.30000000000000004,1.0,0.30000000000000004,1.2250848647365915,0.22419552051971126,1.000889344216879,0.3002692477601731,1000000,3,0.0013830300369685935,0.0011435764584937285,Uniform,Exponential
0.4,1.0,0.4,1.3617285020487306,0.361396601058351,1.0003319009903833,0.40009854835655045,1000000,3,0.002107918279877357,0.001157494860425322,Uniform,Exponential
0.5,1.0,0.5,1.567286690357575,0.567406484513351,0.999880205844191,0.50007729802643,1000000,3,0.002424396050746392,0.002377650013574483,Uniform,Exponential
0.6,1.0,0.6,1.8849736407511812,0.8837539471901596,1.0012196935610145,0.600554845028102,1000000,3,0.0053603489554795766,0.005096541182116971,Uniform,Exponential
0.7000000000000001,1.0,0.7000000000000001,2.4157806308804273,1.4163314227021766,0.9994492081783314,0.6997443196772105,1000000,3,0.006617737661939525,0.0066365636933068866,Uniform,Exponential
0.8,1.0,0.8,3.5076915488741904,2.5075430434041266,1.00014850546997,0.8003417237200018,1000000,3,0.036884374866741856,0.03634476620349256,Uniform,Exponential
