lambda,mu,rho_emp,avg_response_time_emp,avg_response_time_theo,avg_waiting_time_emp,avg_waiting_time_theo,server_utilization_emp,server_utilization_theo,customers_served,simulation_time
0.1,1.0,0.09796284352566248,1.055025946606909,1.0074074074074073,0.055906420857184926,0.0074074074074074086,0.09796284352566248,0.1,1000000,4.343379815419515
0.2,1.0,0.19595778397134633,1.1247367459054096,1.0333333333333334,0.12616635044851657,0.03333333333333334,0.19595778397134633,0.2,1000000,6.473991314570109
0.30000000000000004,1.0,0.2938547254994445,1.2226997723487087,1.0857142857142859,0.2235482333135618,0.08571428571428574,0.2938547254994445,0.30000000000000004,1000000,7.546249469121297
0.4,1.0,0.39190388584359487,1.3607846463430988,1.1777777777777778,0.36124221163532244,0.1777777777777778,0.39190388584359487,0.4,1000000,6.106229305267334
0.5,1.0,0.48988328457181113,1.5620209557353542,1.3333333333333333,0.5621407577501693,0.3333333333333333,0.48988328457181113,0.5,1000000,4.607614199320476
0.6,1.0,0.5883286025389816,1.8801535732827943,1.6,0.8801735593741271,0.6,0.5883286025389816,0.6,1000000,4.664844036102295
0.7000000000000001,1.0,0.6860171997096073,2.419236482462624,2.0888888888888895,1.420058148623414,1.0888888888888892,0.6860171997096073,0.7000000000000001,1000000,4.578181266784668
0.8,1.0,0.7841422570312474,3.514743785574082,3.133333333333334,2.5144480451821596,2.133333333333334,0.7841422570312474,0.8,1000000,4.353055953979492
