lambda,mu,rho,avg_response_time_emp,avg_response_time_theo,avg_waiting_time_emp,avg_waiting_time_theo,server_utilization_emp,server_utilization_theo,avg_system_length_theo,avg_system_length_emp,customers_served,simulation_time
0.1,1.0,0.1,1.0828460876105355,1.0833333333333333,0.0831607962423931,0.08333333333333334,0.09999038530971986,0.1,0.10833333333333334,0.10828460876105356,2000000,19995628.345097806
0.2,1.0,0.2,1.1865421325146963,1.1875,0.18685684114655324,0.18750000000000003,0.19998076866460968,0.2,0.23750000000000002,0.23730842650293926,2000000,9997814.270278437
0.30000000000000004,1.0,0.30000000000000004,1.3204713413194404,1.3214285714285716,0.32078604995129784,0.3214285714285715,0.2999711500646672,0.30000000000000004,0.3964285714285715,0.3961414023958322,2000000,6665209.578672033
0.4,1.0,0.4,1.4994821865076566,1.5,0.4997968951395144,0.5000000000000001,0.3999615295098995,0.4,0.6000000000000001,0.5997928746030626,2000000,4998907.232868752
0.5,1.0,0.5,1.7501682380123915,1.75,0.7504829466442495,0.75,0.4999519070003045,0.5,0.875,0.8750841190061958,2000000,3999125.8253867766
0.6,1.0,0.6,2.126146147647857,2.125,1.1264608562797132,1.1249999999999998,0.5999422825358652,0.6,1.275,1.275687688588714,2000000,3332604.8870655503
0.7000000000000001,1.0,0.7000000000000001,2.752096462371772,2.7500000000000004,1.7524111710036296,1.7500000000000004,0.6999326561165217,0.7000000000000001,1.9250000000000005,1.9264675236602404,2000000,2856518.502550679
0.8,1.0,0.8,4.003395873390292,4.000000000000002,3.003710582022148,3.0000000000000013,0.7999230277425216,0.8,3.2000000000000015,3.2027166987122335,2000000,2499453.7141639097
