lambda,mu,shape,rho,theoretical_rho,avg_waiting_time,avg_response_time,std_waiting_time,std_response_time,max_waiting_time,max_response_time,waiting_time_95th,response_time_95th
0.1,1.0,4.0,0.10000234139974258,0.1,0.06933787380440852,1.069383710781345,0.000980327658613232,0.002007468551710093,4.767758258928855,6.48284563983255,0.5673527716969436,2.1457857309747514
0.2,1.0,4.0,0.20000436357972584,0.2,0.1555281559059634,1.1555739928829,0.002000014570396747,0.003283078483177088,6.082782290875912,7.154864520778701,1.08217013394557,2.4105467073807083
0.30000000000000004,1.0,4.0,0.3000060665415221,0.30000000000000004,0.2668661528429646,1.2669119898199013,0.004315365738404274,0.005568683133925482,7.570412092725746,8.497424732783672,1.510564571763217,2.752291339332284
0.4,1.0,4.0,0.4000074502866861,0.4,0.41451172770477046,1.4145575646817072,0.008121441529800693,0.009259836555744604,9.048668303745217,10.083517743771592,2.0141570041287156,3.2006931644978303
0.5,1.0,4.0,0.5000082347361772,0.5,0.6217150937659857,1.6217609307429226,0.012593469765617808,0.01367108150762813,11.03025962691269,11.993442564494933,2.6844274674390647,3.8252793471149587
0.6,1.0,4.0,0.6000081781030657,0.6,0.9319195814120729,1.9319654183890098,0.01983600028370184,0.02099654581772663,14.079720318084583,15.085986524171622,3.667346599647073,4.756210468675211
0.7000000000000001,1.0,4.0,0.7000000712412997,0.7000000000000001,1.4442471248075879,2.4442929617845244,0.03130225515438678,0.032469623731441896,17.321999265996663,18.364052362406074,5.25015332140586,6.308162236050735
0.8,1.0,4.0,0.7999763028298652,0.8,2.502136181540507,3.5021820185174435,0.04497055215923189,0.04606247140036376,25.046699569035507,25.665079358522416,8.572547389355057,9.60965971850482
0.9,1.0,4.0,0.8999465855280709,0.9,5.5989481602720526,6.598993997248988,0.09277709885481822,0.09405853282832864,48.330560556952456,49.62095379797008,18.22648086289379,19.246470854517188
