lambda,mu,shape,rho,theoretical_rho,avg_waiting_time,avg_response_time,std_waiting_time,std_response_time,max_waiting_time,max_response_time,waiting_time_95th,response_time_95th
0.1,1.0,1.0,0.09984864241416953,0.1,0.11130040384636412,1.1098007589006136,0.002705798755757481,0.00702050631838441,10.242046207092548,12.979687542492867,0.7637003515616604,3.3270739952065385
0.2,1.0,1.0,0.19969703861365096,0.2,0.24913668780829648,1.2476370428625458,0.005412915811111661,0.009609710485481348,11.900561383323899,13.845498749375333,1.7333539338003883,3.7372866207189777
0.30000000000000004,1.0,1.0,0.2995451620905681,0.30000000000000004,0.4263454780456705,1.42484583309992,0.007507608981572296,0.011240088590888524,13.802686508175762,15.357183676138083,2.546661671635226,4.2709173702989505
0.4,1.0,1.0,0.3993930064594282,0.4,0.6634658508471657,1.6619662059014153,0.010471689437530742,0.01339120869234871,17.432104709400544,19.199297162153766,3.448562099371515,4.993966218125099
0.5,1.0,1.0,0.49924049107037605,0.5,0.9969127917217331,1.9954131467759826,0.014533419728460388,0.017480053214182875,22.010120488631703,23.661416869603414,4.613620337521628,6.002888657589323
0.6,1.0,1.0,0.5990838615684706,0.6,1.4887107579394574,2.4872111129937067,0.023437060434411267,0.026880014579867755,25.76319235365554,26.85768999788736,6.202714081460475,7.4786605823027905
0.7000000000000001,1.0,1.0,0.6989098850846026,0.7000000000000001,2.2853109553401088,3.2838113103943587,0.041920339819921465,0.045796353896175764,32.13007024450659,33.035762152389076,8.644875507490356,9.814437454427273
0.8,1.0,1.0,0.7987237796370282,0.8,3.895147032874148,4.8936473879283975,0.1021054985381497,0.10633534453093202,38.95452517976204,39.59815811053954,13.403580786869005,14.527827999209386
0.9,1.0,1.0,0.8985190873575443,0.9,8.39857683247696,9.39707718753121,0.5152228969333615,0.5194414175806311,61.32054996494238,62.150816837183434,26.252502603373358,27.288786883749598
