lambda,mu,shape,rho,theoretical_rho,avg_waiting_time,avg_response_time,std_waiting_time,std_response_time,max_waiting_time,max_response_time,waiting_time_95th,response_time_95th
0.1,1.0,0.5,0.10003366923933225,0.1,0.16909761027142167,1.169452479880284,0.0014118878873228583,0.004907507876475891,20.294469981635,22.70139654872146,1.0783920104011446,4.409460839607553
0.2,1.0,0.5,0.20006632976398497,0.2,0.3800927859261756,1.380447655535038,0.004073463287001809,0.007314934545570698,22.547589608099468,24.613894111428227,2.5956009943502636,5.116116910357373
0.30000000000000004,1.0,0.5,0.3000979815994221,0.30000000000000004,0.6490674349512581,1.6494223045601206,0.00506021912883776,0.008244324767643509,27.07843189963508,27.748646639071037,3.944681154021229,6.007794468941616
0.4,1.0,0.5,0.4001286247710886,0.4,1.0053218510131299,2.0056767206219925,0.009167048527703461,0.012341482026322651,34.053547249272924,34.72631403167845,5.371100965024983,7.144502206118219
0.5,1.0,0.5,0.5001582593044563,0.5,1.4998442180503622,2.5001990876592246,0.019189825246694478,0.022142247992048707,38.76563523499226,40.00203141615024,7.116889510812079,8.663202071684424
0.6,1.0,0.5,0.6001868852249829,0.6,2.2321173323022374,3.2324722019110994,0.038405453980087025,0.04164782005272734,44.02043985214308,44.48999319532475,9.471570266363658,10.877537608765811
0.7000000000000001,1.0,0.5,0.700206434793949,0.7000000000000001,3.44833612286739,4.448690992476251,0.06604993916552587,0.06961625632582527,56.686278953412206,57.02608946443939,13.207830452491775,14.45175753639271
0.8,1.0,0.5,0.800219751490335,0.8,5.790649046088858,6.791003915697719,0.16896897148191334,0.17245433613211705,71.85020495474843,72.08063184914032,20.139193443200213,21.308409714877786
0.9,1.0,0.5,0.9002162689217416,0.9,12.917099370708032,13.917454240316895,1.0285880013381894,1.031811045145339,104.66091853215039,105.18161373854245,40.89137331430269,41.94772465262602
