lambda,mu,rho,avg_response_time_emp,avg_response_time_theo,avg_waiting_time_emp,avg_waiting_time_theo,server_utilization_emp,server_utilization_theo,avg_system_length_theo,avg_system_length_emp,customers_served,simulation_time
0.1,1.0,0.10000470917500126,1.0559633757414797,1.0074074074074073,0.055654177643789327,0.0074074074074074086,0.10000470917500126,0.1,0.10740740740740741,0.1055686749041319,980000.0,9802570.016418017
0.2,1.0,0.20022277540817082,1.12811138917296,1.0333333333333334,0.12736180615180007,0.03333333333333334,0.20022277540817082,0.2,0.23333333333333334,0.2257044919047282,980000.0,4898217.21420585
0.30000000000000004,1.0,0.3000860970910188,1.2235950458901839,1.0857142857142859,0.22339150164748892,0.08571428571428574,0.3000860970910188,0.30000000000000004,0.3857142857142858,0.36710917333855236,980000.0,3266394.1622902392
0.4,1.0,0.39968357776455044,1.360839429456538,1.1777777777777778,0.36163901372594504,0.1777777777777778,0.39968357776455044,0.4,0.5777777777777778,0.5443402460156729,980000.0,2449979.855482114
0.5,1.0,0.5001080870464562,1.5658965352373546,1.3333333333333333,0.5660377097172309,0.3333333333333333,0.5001080870464562,0.5,0.8333333333333333,0.7832288749783379,980000.0,1959300.001382035
0.6,1.0,0.5998379859213221,1.8806525580124351,1.5999999999999999,0.8812277599419858,0.5999999999999999,0.5998379859213221,0.6,1.2,1.1287375659413206,980000.0,1632834.3066403607
0.7000000000000001,1.0,0.7003898190649517,2.4347966913693138,2.0888888888888895,1.4344108449797144,1.0888888888888892,0.7003898190649517,0.7000000000000001,1.7888888888888892,1.7046502718360401,980000.0,1399760.9774528209
0.8,1.0,0.8000273895433825,3.5100819999364585,3.133333333333334,2.509810413359454,2.133333333333334,0.8000273895433825,0.8,2.9333333333333345,2.8074080102402412,980000.0,1225290.9504999828
0.9,1.0,0.8998203354566376,6.798456743409706,6.400000000000002,5.79881650104191,5.400000000000002,0.8998203354566376,0.9,6.300000000000002,6.1196431682473404,980000.0,1088714.5522003877
