lambda,mu,rho,avg_response_time_emp,avg_response_time_theo,avg_waiting_time_emp,avg_waiting_time_theo,server_utilization_emp,server_utilization_theo,avg_system_length_theo,avg_system_length_emp,customers_served,simulation_time
0.1,1.0,0.09993682722756925,1.0732240383011795,1.074074074074074,0.07360054300045961,0.07407407407407407,0.09993682722756925,0.1,0.1074074074074074,0.10729500344169528,980000.0,9802512.234616665
0.2,1.0,0.1998627303428863,1.1660729205000002,1.1666666666666667,0.16618233263919854,0.16666666666666666,0.1998627303428863,0.2,0.23333333333333336,0.23308000782569474,980000.0,4902833.906985878
0.30000000000000004,1.0,0.3001438746290372,1.2856557851999273,1.2857142857142858,0.28544101945498457,0.28571428571428575,0.3001438746290372,0.30000000000000004,0.3857142857142858,0.38579903829801127,980000.0,3265803.810626574
0.4,1.0,0.4000252986520154,1.4461401379898149,1.4444444444444444,0.4457604577444818,0.4444444444444445,0.4000252986520154,0.4,0.5777777777777778,0.5782742887472329,980000.0,2450776.7314982247
0.5,1.0,0.49985554433111545,1.666041413733926,1.6666666666666665,0.6666693186634198,0.6666666666666666,0.49985554433111545,0.5,0.8333333333333333,0.833304396882346,980000.0,1959342.8489743068
0.6,1.0,0.6006081333332007,2.0050974289295014,2.0,1.004835020671977,0.9999999999999999,0.6006081333332007,0.6,1.2,1.2039644337204285,980000.0,1632110.4298775133
0.7000000000000001,1.0,0.6996415156124548,2.55111788721988,2.5555555555555562,1.551700383037285,1.555555555555556,0.6996415156124548,0.7000000000000001,1.7888888888888896,1.7859105511517246,980000.0,1399901.476583586
0.8,1.0,0.7995533074464382,3.665830190736249,3.6666666666666674,2.6658942641583407,2.6666666666666674,0.7995533074464382,0.8,2.933333333333334,2.9312223623629894,980000.0,1225606.210326968
0.9,1.0,0.8996094775264498,7.060318548521096,7.000000000000001,6.060445172685512,6.000000000000001,0.8996094775264498,0.9,6.300000000000001,6.352366721100833,980000.0,1089223.6452394384
