lambda,mu,rho,avg_response_time_emp,avg_response_time_theo,avg_waiting_time_emp,avg_waiting_time_theo,server_utilization_emp,server_utilization_theo,avg_system_length_theo,avg_system_length_emp,customers_served,simulation_time
0.1,1.0,0.09993682722756925,1.0732240383011795,1.0074074074074073,0.07360054300045961,0.0074074074074074086,0.09993682722756925,0.1,0.10074074074074074,-0.8927049965583048,980000.0,9802512.234616665
0.2,1.0,0.1998627303428863,1.1660729205000002,1.0333333333333334,0.16618233263919854,0.03333333333333334,0.1998627303428863,0.2,0.2066666666666667,-0.7669199921743052,980000.0,4902833.906985878
0.30000000000000004,1.0,0.3001438746290372,1.2856557851999273,1.0857142857142859,0.28544101945498457,0.08571428571428574,0.3001438746290372,0.30000000000000004,0.3257142857142858,-0.6142009617019887,980000.0,3265803.810626574
0.4,1.0,0.4000252986520154,1.4461401379898149,1.1777777777777778,0.4457604577444818,0.1777777777777778,0.4000252986520154,0.4,0.47111111111111115,-0.4217257112527671,980000.0,2450776.7314982247
0.5,1.0,0.49985554433111545,1.666041413733926,1.3333333333333333,0.6666693186634198,0.3333333333333333,0.49985554433111545,0.5,0.6666666666666666,-0.16669560311765394,980000.0,1959342.8489743068
0.6,1.0,0.6006081333332007,2.0050974289295014,1.6,1.004835020671977,0.6,0.6006081333332007,0.6,0.96,0.20396443372043216,980000.0,1632110.4298775133
0.7000000000000001,1.0,0.6996415156124548,2.55111788721988,2.0888888888888895,1.551700383037285,1.0888888888888892,0.6996415156124548,0.7000000000000001,1.4622222222222228,0.7859105511517259,980000.0,1399901.476583586
0.8,1.0,0.7995533074464382,3.665830190736249,3.133333333333334,2.6658942641583407,2.133333333333334,0.7995533074464382,0.8,2.5066666666666677,1.931222362363073,980000.0,1225606.210326968
0.9,1.0,0.8996094775264498,7.060318548521096,6.400000000000001,6.060445172685512,5.400000000000001,0.8996094775264498,0.9,5.760000000000002,5.352366721100945,980000.0,1089223.6452394384