lambda,mu,rho,avg_response_time_emp,avg_response_time_theo,avg_waiting_time_emp,avg_waiting_time_theo,server_utilization_emp,server_utilization_theo,avg_system_length_theo,avg_system_length_emp,customers_served,simulation_time
0.1,1.0,0.09993051930988055,1.1100002732621774,1.1111111111111112,0.11088470669742673,0.11111111111111112,0.09993051930988055,0.1,0.11111111111111112,-0.8889789235047442,980000.0,9798138.034171721
0.2,1.0,0.20032748036085124,1.2517507458694654,1.25,0.25081430513658787,0.25,0.20032748036085124,0.2,0.25,-0.7494744489424398,980000.0,4896570.792682515
0.30000000000000004,1.0,0.2997413329293322,1.4262574932912038,1.4285714285714286,0.4265543705153478,0.42857142857142866,0.2997413329293322,0.30000000000000004,0.42857142857142866,-0.5723646146340529,980000.0,3268518.0636063055
0.4,1.0,0.4003100942983988,1.666221491928691,1.6666666666666667,0.6660217311821831,0.6666666666666667,0.4003100942983988,0.4,0.6666666666666667,-0.33312790384358787,980000.0,2448591.215165921
0.5,1.0,0.5009057417734177,2.0075254666152436,2.0,1.0066963746850959,1.0,0.5009057417734177,0.5,1.0,0.004750436829104117,980000.0,1958079.5593123299
0.6000000000000001,1.0,0.5998304199944337,2.5083545068662834,2.5000000000000004,1.508617142964945,1.5000000000000007,0.5998304199944337,0.6000000000000001,1.5000000000000007,0.5049858946946402,980000.0,1633366.8645706906
0.7000000000000001,1.0,0.7001205828102983,3.332238895139787,3.333333333333334,2.3319183970156643,2.333333333333334,0.7001205828102983,0.7000000000000001,2.333333333333334,1.3322241781596509,980000.0,1400208.0929030713
0.8,1.0,0.8005828110467178,5.005490743959366,5.000000000000001,4.005223694427329,4.000000000000001,0.8005828110467178,0.8,4.000000000000001,3.0062501173070273,980000.0,1224435.6718598292
0.9,1.0,0.9004147053539779,9.951902530956877,10.000000000000002,8.951940087829469,9.000000000000002,0.9004147053539779,0.9,9.000000000000002,7.961310999683363,980000.0,1088347.3239544518
